,mean,std,max
overall degree,20.07843137254902,12.224762938885847,50.0
overall weighted degree,44462.03921568627,31111.34500528188,130636.0
HCP degree,41.81818181818182,9.22268134761629,50.0
HCP weighted degree,95181.45454545454,32023.845400699993,130636.0
patient degree,14.1,1.2,17.0
patient weighted degree,30514.2,7078.440888359526,49094.0
HCP-HCP edge weight,4807.450980392156,3097.7537992129483,13026.0
HCP-patient edge weight,1554.8491620111731,984.5136476958041,4415.0
patient-patient edge weight,3222.970873786408,1915.220296874339,9313.0
